cant_ejes, ns_rutas_completas, ns_rutas_vacias, ns_rutas_esparso_conexo, ns_rutas_esparso_disconexo, ns_rutas_denso_conexo, ns_rutas_denso_disconexo
3, 11862, 11658, 10517, 10500, 9211, 9540
4, 15562, 14805, 16421, 16817, 16608, 17005
5, 21095, 19682, 20100, 21161, 21633, 21478
6, 29790, 25849, 26905, 25778, 29160, 28704
7, 40552, 33076, 33729, 32538, 40344, 41961
8, 50552, 61951, 42502, 41513, 48781, 50137
9, 59568, 60687, 51115, 49075, 60935, 60284
10, 72857, 57501, 62219, 50640, 70766, 74232
11, 91431, 101024, 79132, 69238, 89086, 98352
12, 108705, 86789, 98036, 85408, 101574, 110219
13, 126692, 102040, 82670, 91122, 123635, 113300
14, 128289, 113343, 123450, 109344, 152144, 139960
15, 162014, 144457, 138504, 127848, 167893, 171810
16, 190187, 173778, 168926, 130641, 192093, 188599
17, 241700, 184162, 178122, 147696, 217600, 270498
18, 243831, 224219, 187049, 200660, 257637, 273490
19, 268915, 456623, 223182, 218581, 1074751, 299192
20, 304994, 292282, 213156, 256444, 285806, 299076
21, 314519, 297550, 291382, 268523, 1441397, 333667
22, 394359, 365260, 418231, 309159, 364208, 353214
23, 441040, 339517, 386812, 253608, 471794, 444693
24, 542944, 378199, 381455, 298801, 419648, 441676
25, 554087, 506971, 392241, 354176, 533686, 577178
26, 362526, 315640, 308804, 295319, 349555, 425291
27, 438334, 306568, 291213, 260390, 385115, 360226
28, 406622, 387331, 404506, 311518, 395668, 362984
29, 415308, 469243, 339413, 343312, 485704, 434182
30, 416597, 402359, 412133, 335267, 478841, 467185
31, 720149, 677866, 668848, 549098, 1011196, 776562
32, 944502, 814264, 812116, 695934, 1013058, 1034589
33, 1797295, 909285, 751754, 760614, 1035937, 931387
34, 965018, 970691, 831391, 884529, 1099907, 1086017
35, 1050774, 861825, 1068977, 744048, 1093256, 978083
36, 1195058, 1060075, 1060488, 895961, 1130301, 1116009
37, 1396367, 1065790, 1028362, 778032, 1252116, 1204815
38, 972606, 835151, 701196, 636409, 805931, 791995
39, 807920, 709094, 685542, 627111, 798544, 913216
40, 1154575, 1082546, 1050515, 953110, 1281510, 1308133
41, 1498739, 1222844, 1307599, 1027852, 1541860, 1468109
42, 1345497, 1264134, 992823, 751487, 1158798, 1136882
43, 1497544, 1203967, 1126361, 1139020, 1228344, 1465582
44, 1574037, 1336611, 1383404, 1101213, 1657103, 1683191
45, 2042062, 1523371, 1642861, 1397720, 1617422, 1855498
46, 1724132, 1283183, 1526613, 1236754, 1587101, 1689891
47, 1591462, 1920886, 1757997, 1358646, 1889072, 1902867
48, 1910717, 2080329, 2181778, 1673018, 1835560, 2266438
49, 1787020, 1945651, 1462870, 1275648, 1537141, 1740186
50, 2190971, 2163181, 2041897, 1684786, 2014355, 2218969
51, 3194161, 2201910, 1731340, 1776219, 2363848, 2012895
52, 1769750, 1574752, 1543373, 1111142, 1766144, 1953114
53, 2149059, 1787900, 1533289, 1266441, 1690196, 1945721
54, 1594306, 1610259, 1519284, 1510222, 1893742, 1591776
55, 2654766, 2257700, 2035555, 1781846, 2775368, 2719311
56, 2657961, 2972551, 2452889, 2384176, 2849420, 2925007
57, 3324993, 3439888, 3235372, 2203436, 2706233, 3030405
58, 3606529, 2870074, 2997084, 2547632, 2988526, 3383464
59, 3163540, 2826936, 3326119, 2382338, 3544169, 3422641
60, 3675735, 3454302, 2896040, 2959295, 3112825, 3479908
61, 2443972, 2243543, 1842649, 1733277, 2293214, 2091474
62, 2359773, 2079469, 2791392, 1788854, 2088294, 2444389
63, 2859942, 2688263, 1990115, 1694314, 2615487, 2914536
64, 2601025, 2395847, 2338458, 1737522, 2881718, 2549647
65, 2549553, 2174432, 2095953, 2185956, 2480305, 2773504
66, 2931212, 2506075, 2499078, 2079015, 2543485, 2932086
67, 2552198, 2378908, 2621016, 2036515, 3063405, 2950004
68, 2895154, 2308942, 2337379, 2173134, 2559677, 2546228
69, 3383296, 2551127, 2755051, 2398351, 3473262, 3355982
70, 2970607, 2366788, 2576532, 2144125, 2704861, 3164560
71, 3242294, 3076207, 2344964, 2326004, 3107080, 3622363
72, 3171988, 2860101, 3108436, 2393731, 2933790, 3313674
73, 3570984, 3767784, 3133076, 2180171, 3737575, 4021640
74, 3917517, 3371875, 2592417, 2303234, 3030659, 3014630
75, 3959552, 3171262, 3039723, 2313729, 3473760, 4176918
76, 3371706, 3084719, 3432952, 2915023, 3101111, 3332047
77, 4417947, 3892298, 3789362, 3020168, 4082969, 5133238
78, 3560566, 3196788, 3239158, 2886647, 3408080, 4233927
79, 4060690, 3447619, 2852457, 2828857, 3809354, 4568140
80, 4320326, 3759328, 3402355, 2844254, 4124161, 3682145
81, 5230132, 3898089, 4632637, 3314887, 4079574, 4719077
82, 4324737, 3757577, 3725018, 3152160, 4249542, 4677942
83, 4364059, 3379046, 4236205, 3359038, 4738544, 5239833
84, 4403140, 3817236, 4079801, 3243656, 4484131, 4972983
85, 4517427, 5235852, 3817389, 2903585, 5628404, 5196109
86, 4330704, 4830939, 3603206, 4284890, 4669711, 4660161
87, 5415800, 4215388, 4913363, 3768078, 4915009, 5295580
88, 5758722, 4078190, 4274229, 3663406, 5740965, 5414695
89, 5851485, 3869738, 4662130, 3764520, 5773945, 5330765
90, 5613890, 7193789, 6177427, 5494676, 5819290, 6682139
91, 5096559, 4546102, 4584092, 3679528, 5007574, 6709767
92, 9794840, 6616444, 6077267, 5868352, 8540826, 8308989
93, 6178139, 5913044, 5113108, 4843482, 6267213, 6172463
94, 6925715, 6117602, 4846503, 4443497, 6457148, 6188896
95, 6838601, 5813382, 6115007, 4718850, 5727775, 5891510
96, 6787338, 5642225, 6408349, 4798627, 6466452, 5704012
97, 5674838, 5537850, 5982523, 4342546, 5356613, 7753274
98, 6907373, 6278529, 5276429, 4338927, 6309154, 6330304
99, 6576017, 5807459, 5449049, 4584057, 6603072, 6563026
100, 6309119, 5297141, 6722142, 6206916, 6559761, 6461809
101, 7322047, 5388229, 4945339, 5621962, 7477804, 7850227
102, 8172716, 6264680, 6372192, 5141305, 6935777, 7088191
103, 6531048, 5519443, 5453871, 5184870, 7333108, 7694912
104, 7310784, 5504274, 6804956, 5303329, 8327691, 6771238
105, 7694702, 6393746, 6359121, 5957621, 8469327, 7799642
106, 7060133, 7449377, 7245955, 5757901, 7740546, 9465876
107, 8567214, 7848956, 6757563, 6123706, 8190372, 7728573
108, 9228739, 7862172, 6763160, 5878265, 7097933, 8683750
109, 9758309, 10066096, 7775118, 5968228, 8692670, 9457163
110, 9123916, 7366122, 8328750, 7281948, 9625668, 9713509
111, 9465678, 6368708, 8183087, 6226572, 8245355, 8777857
112, 8925111, 8075865, 7551339, 6799168, 9372448, 9257107
113, 9053232, 7479594, 7185059, 6027292, 8304328, 9927252
114, 9696654, 8119560, 8997649, 7716820, 10628264, 10975474
115, 9628796, 7925923, 7950655, 8262413, 10224425, 11286386
116, 16240878, 13881879, 14962591, 11432260, 15930886, 15216636
117, 15510500, 12777562, 11487714, 10561017, 13060518, 12977913
118, 18247160, 14573476, 13824470, 12733554, 15718898, 16645067
119, 18222854, 14002428, 17439622, 12762230, 15281812, 16006973
120, 12170239, 10045522, 11102690, 10716751, 12253284, 12269187
121, 11396816, 8748740, 8673658, 7736071, 10203166, 9917475
122, 10187826, 10323494, 9044278, 7480893, 12626335, 10788209
123, 11237631, 10174120, 10147317, 8655296, 10399643, 12179879
124, 13404870, 8891947, 9437408, 8369695, 12090341, 12356083
125, 15177697, 9918567, 10991823, 9211142, 12035353, 12699014
126, 11849815, 11019583, 11361447, 9418878, 11080358, 12679280
127, 11626862, 10544150, 11902944, 10151204, 11421976, 12574243
128, 12940158, 11468664, 11772703, 10670320, 12029600, 12700864
129, 12577420, 12217259, 11693494, 9633982, 14865987, 15831772
130, 12093045, 11244638, 10513207, 9996721, 12653867, 12182835
131, 14004782, 13689322, 13677517, 11200127, 14181042, 14735182
132, 15308748, 14281580, 13047137, 11711773, 15227851, 13615799
133, 15554337, 14204664, 15615534, 10586225, 12485521, 13844432
134, 17239587, 14516058, 15795639, 13048064, 18602149, 17761675
135, 14303554, 12051231, 13708466, 14761263, 14066157, 12952810
136, 19514044, 15373000, 15073857, 13646009, 14568915, 14469385
137, 12279946, 14099093, 12149559, 10522991, 15444809, 17084129
138, 16796814, 16425207, 15911726, 13224789, 19645060, 18426402
139, 21951559, 15409467, 19132007, 14428865, 20339903, 18470017
140, 14259411, 12519918, 16222377, 11918818, 18925004, 16208255
141, 19514487, 16685689, 14951565, 12833699, 15537497, 16227861
142, 15744076, 14634681, 13612366, 14111148, 14722084, 14666377
143, 17181106, 14905018, 16749610, 15080566, 19363194, 17198651
144, 16724130, 17952189, 17373152, 14839212, 17714154, 14581055
145, 13951973, 13567808, 12980035, 12136002, 14624920, 13964391
146, 18728898, 16955553, 15725274, 11847697, 16115653, 16794468
147, 15501212, 14167343, 12585083, 14373379, 16082507, 16230303
148, 14771526, 17360960, 14915449, 13657798, 16306245, 16473445
149, 17161261, 14013646, 14466255, 13056908, 15749037, 17679614
150, 18037277, 17451637, 14512371, 16203373, 18741506, 18152623
151, 19307751, 18610759, 16205288, 18181078, 22654390, 19985134
152, 18926233, 20043286, 18296977, 16939790, 19803960, 20065349
153, 25366631, 21882927, 21320839, 18800997, 24388345, 25276239
154, 24900380, 24210317, 26256305, 26661904, 25990226, 27554311
155, 22753715, 20516473, 20952582, 17694480, 25396832, 24643412
156, 23710800, 20689217, 23033445, 19640607, 24852122, 24170410
157, 19763224, 15718274, 17820605, 15428944, 20217254, 18735247
158, 27493174, 22473574, 22589451, 18459793, 28234613, 27090799
159, 20884798, 17939273, 18990679, 14955895, 20110829, 20010915
160, 19604024, 18516310, 18574055, 15325570, 19392452, 20296332
161, 18728623, 18814283, 17108090, 13141251, 18452774, 18466065
162, 17058181, 17339142, 16523579, 14092582, 18371426, 19462506
163, 20682207, 18216193, 17991213, 14275777, 17877741, 21597772
164, 17852577, 18407036, 17175361, 15913612, 19171362, 18451231
165, 19583493, 17994813, 15930661, 15711559, 18713768, 20547149
166, 19562929, 17183240, 18177901, 15859044, 21576781, 21267828
167, 19728733, 17083693, 16762104, 15857723, 18763696, 20399981
168, 20141577, 20654303, 19005058, 15609029, 19303169, 21344013
169, 24957393, 21828003, 18634882, 16138152, 20364322, 20681711
170, 21380506, 19375792, 19173542, 14644023, 19970645, 20087983
171, 20380446, 17681933, 21116189, 18124196, 20033817, 20877207
172, 26117453, 19453843, 22227935, 19281757, 26593312, 30090324
173, 23459125, 18104626, 21389060, 21087655, 21357584, 23263547
174, 26487000, 23762332, 23996178, 16461108, 24484250, 27769975
175, 27703786, 29894953, 28501111, 21506155, 22745209, 27484811
176, 26667141, 21757770, 22912991, 18743298, 24528293, 23940437
177, 24266361, 21224402, 19701921, 20660162, 22994571, 24114732
178, 28231474, 19416968, 19536658, 21025031, 27737037, 23677263
179, 26022160, 20720216, 23341563, 20344068, 23278408, 30302485
180, 25363241, 24862595, 24083136, 21447082, 28702249, 24756657
181, 29215226, 21108986, 27220739, 23891250, 24315677, 26272077
182, 28392947, 25132269, 26666879, 23570733, 29658535, 24331356
183, 25575327, 24471555, 23612130, 20781861, 27440283, 27099615
184, 31928746, 26540232, 25251405, 21140250, 33815964, 32470517
185, 36394546, 27149135, 30525874, 26397410, 32949262, 34651043
186, 33227798, 31641024, 24643096, 22165783, 28397324, 33598847
187, 28673620, 24178788, 26300501, 21182006, 28014049, 27266101
188, 25928420, 23114287, 24881673, 21060985, 27466745, 30444404
189, 28537371, 26984175, 23370088, 20683128, 29218951, 28882059
190, 35119620, 32553747, 30176776, 27668643, 32579423, 40506387
191, 37697896, 33139944, 34125714, 29990807, 37015174, 38095430
192, 28321279, 28873765, 27526486, 21629155, 30703269, 29914927
193, 32184044, 27125149, 29010640, 23301381, 28005324, 31629035
194, 33205455, 26078931, 26040859, 21732252, 28963514, 29719935
195, 32365023, 27228913, 26648071, 23873048, 27295567, 27001585
196, 30573787, 23991702, 30181403, 23570535, 33166974, 31062361
197, 32859323, 25296606, 23577462, 22267762, 29991483, 32331493
198, 34788048, 26938486, 23354856, 26573032, 34072139, 34108577
199, 43768783, 36162310, 37325492, 32109566, 40178158, 38287065
200, 30451607, 31274774, 26272540, 24652416, 31066032, 30667674
201, 35091232, 24078462, 26679376, 23267814, 33689613, 28623531
202, 32096054, 27603220, 25637068, 25032034, 26844272, 31471096
203, 31513638, 27451017, 24372854, 24079609, 32501595, 31409847
204, 33258375, 31931280, 29887617, 25731407, 33312440, 38410621
205, 30129345, 25641808, 30826910, 24691865, 32007295, 32550148
206, 35600675, 28787967, 31108182, 27115956, 37728131, 33202325
207, 34110046, 27562798, 31891997, 29818255, 38217921, 38569279
208, 35602785, 29317882, 28351992, 26369952, 34618655, 34919785
209, 34239890, 30602659, 36682722, 27728626, 35456713, 32985038
210, 35549663, 32836132, 32541632, 28806665, 34096349, 37770854
211, 36012053, 32263640, 31578802, 25405554, 32933904, 36464550
212, 33975276, 35435984, 36216355, 29101373, 36630561, 37501700
213, 49226911, 40437975, 46586102, 34091811, 50097196, 45010479
214, 34284081, 33581589, 29988171, 27084835, 40466320, 33580520
215, 36408483, 30236397, 29075793, 26826270, 39760348, 40051627
216, 33805213, 37587026, 31708015, 27525512, 34824189, 31762589
217, 29462824, 31532018, 31202466, 27695587, 35950913, 34455684
218, 35438375, 30524524, 33128227, 29766796, 32861874, 35160003
219, 34536486, 31286803, 31574653, 25659032, 39891346, 37177901
220, 43078798, 38055310, 33316372, 29679807, 38690106, 40142490
221, 37131070, 38067753, 36080121, 29868114, 41516042, 38195421
222, 39974657, 38652692, 35367924, 30444017, 39102249, 39380735
223, 46081988, 33870605, 39672491, 38601181, 40574205, 37599898
224, 41782717, 38078429, 36038449, 36834473, 44078056, 38794955
225, 53964508, 39974039, 41196037, 41926972, 56786504, 54250555
226, 55621650, 53418194, 48176651, 43272129, 58522340, 55691143
227, 46520828, 41488040, 39156378, 32371546, 42156333, 44777866
228, 42311122, 35039612, 40182190, 36376794, 50095522, 42905239
229, 49443512, 35767556, 35230331, 34997873, 40010230, 45444468
230, 54969719, 44712076, 50292733, 47676763, 57236666, 56989542
231, 41367996, 44985910, 34480473, 33738196, 47435046, 51357667
232, 57592119, 52773034, 60356212, 47024426, 52535541, 55670486
233, 47851009, 39875714, 40456728, 37689200, 49654336, 50347953
234, 44201465, 39832867, 36736400, 34212022, 47769398, 43665111
235, 47550543, 39198804, 37424500, 33774585, 43992908, 46827824
236, 55355763, 48459569, 45553033, 43844803, 53728413, 53757707
237, 55010478, 48314640, 52488969, 40424139, 45716717, 49637438
238, 49654061, 38835142, 46553174, 48845709, 56872334, 49028411
239, 49395002, 47475776, 49193564, 36357079, 43546541, 55212775
240, 49104551, 39692779, 46182706, 47626708, 46191181, 53337950
241, 54992474, 43792242, 43253779, 36613517, 49960800, 51812458
242, 49036454, 42526839, 42581529, 39129203, 51806817, 46374009
243, 46597126, 42974003, 40237579, 38340120, 49175111, 45996263
244, 63671843, 39922110, 38540470, 36369427, 47204556, 53972937
245, 48462655, 40824664, 50969874, 44241488, 54217073, 49622162
246, 52774785, 46639660, 46727493, 40683499, 52194144, 54749054
247, 67038383, 57578180, 57216827, 47830392, 67454883, 58214324
248, 68751171, 54207444, 52968852, 39412675, 60531991, 54824865
249, 54568098, 50352362, 52531873, 47879177, 47213694, 58733156
250, 52797200, 46502492, 48361855, 41005058, 47342875, 55937436
251, 56891216, 45649992, 47463327, 44163245, 48273164, 49885975
252, 75147914, 58528617, 55429176, 47084108, 67754058, 67312577
253, 53324362, 40503919, 43685028, 41921895, 51870268, 55312893
254, 52599051, 46659058, 48253102, 38460219, 56977505, 58769019
255, 51389929, 42202201, 39225252, 44501461, 60745998, 50037490
256, 70294807, 58518467, 62681680, 46288783, 59232018, 76574642
257, 76201226, 65196879, 62487387, 47605265, 57306487, 61796742
258, 53969430, 45395292, 43853171, 44009749, 55137324, 57749908
259, 51897492, 42238378, 46922831, 41026112, 58810061, 51948077
260, 50969406, 43559146, 47219205, 45339139, 49500708, 56587533
261, 56482822, 47225732, 55649840, 53373103, 58175927, 59371966
262, 54170628, 50432628, 50780143, 41558518, 52716005, 63019573
263, 60112503, 49656330, 46106772, 46214713, 55920783, 53737354
264, 54847886, 49212336, 54007426, 49865969, 63033050, 63366960
265, 79403194, 49218033, 56446529, 43146149, 58381215, 57459627
266, 51977635, 49367870, 50915914, 39639795, 56093190, 53278562
267, 60750435, 49401234, 49155763, 45343733, 51861420, 56015206
268, 55675863, 47009556, 57680882, 42621033, 56705401, 56494842
269, 59878674, 48990712, 50279913, 44953644, 61977650, 56553975
270, 64692364, 56219147, 50195543, 48080120, 59233581, 58020826
271, 63292630, 51195139, 50760890, 44445070, 57897418, 58012066
272, 65282014, 54008370, 52965995, 51813401, 61511885, 71873390
273, 80833681, 62060459, 63764248, 56928709, 68568368, 67642765
274, 66527755, 63983741, 64199611, 66965417, 68183655, 83341865
275, 76374526, 62776060, 66749514, 58211647, 67225017, 76598467
276, 78990692, 64723266, 66514726, 63648264, 83482727, 80670870
277, 69914809, 59899126, 57028155, 50460373, 61206147, 66017153
278, 79174515, 66800445, 76743925, 69474531, 90837836, 74859101
279, 69578294, 59195387, 57431369, 60352763, 60624158, 64715614
280, 67507229, 57398096, 55034142, 55757658, 60381424, 69758636
281, 67731402, 60939504, 55596759, 52246409, 77803979, 81682938
282, 76478613, 61691559, 65330411, 54155699, 75346879, 73134872
283, 68677061, 69728180, 62587872, 53611362, 69559684, 76635630
284, 65420478, 58205716, 54650729, 47441235, 65999101, 64333223
285, 71646940, 60508035, 56816002, 48103929, 72985628, 70444895
286, 74764715, 60789757, 58689857, 69696279, 74083344, 74918412
287, 74157171, 58586845, 58079597, 58304492, 72471622, 74277867
288, 61394512, 51791000, 55247784, 47604582, 62438313, 66096121
289, 64265253, 56910061, 51074211, 45091803, 66638005, 68620334
290, 66701909, 54172698, 57941694, 58073441, 72953145, 71085762
291, 77257271, 64322183, 69775200, 57540837, 73414526, 73555514
292, 78536101, 62782724, 61597551, 55201497, 67393120, 81728172
293, 72260006, 60691820, 64732017, 53246250, 67434609, 70270509
294, 73264998, 63807191, 63439533, 52063419, 65346289, 73558536
295, 79681822, 69949555, 64285491, 62592390, 83011939, 81955048
296, 67085710, 59829577, 68002146, 52714328, 68407557, 83841409
297, 85520012, 63665636, 61288268, 63414614, 77477645, 75370097
298, 76489824, 60870448, 67126414, 63137250, 68785592, 75183086
299, 81206271, 68932801, 65069427, 61685095, 74687490, 79471507
300, 89201026, 64166030, 74820266, 58567277, 73894995, 76179599
301, 83907974, 75998743, 80596110, 59801138, 84958470, 86770928
302, 80314214, 62484522, 76651176, 61583653, 76739138, 75292164
303, 75934300, 67863998, 65201401, 65994742, 74206211, 74123634
304, 85029159, 77748803, 63600298, 57958326, 81859423, 80571651
305, 76914707, 64674912, 63676436, 75846058, 75031268, 84153615
306, 82684192, 74555029, 88555965, 72047436, 90099023, 86170445
307, 90392905, 76916600, 86217760, 66375171, 84379943, 98216347
308, 85101785, 72202976, 71195569, 72520378, 87591858, 81640541
309, 70830475, 71995355, 74819674, 55266268, 88877333, 73302496
310, 82811640, 69131226, 72065882, 65306131, 75216097, 83802843
311, 88880025, 83656251, 73331551, 63102599, 88807185, 89054949
312, 106794016, 82461208, 80116532, 74276760, 92709553, 90051421
313, 83821882, 69352437, 78063140, 62577252, 97535983, 88223859
314, 98046782, 90870248, 83187824, 71298405, 90253327, 92418070
315, 82258812, 81778393, 74376838, 64117637, 88444493, 86738546
316, 95994521, 87637986, 86726013, 97256743, 102419618, 105874420
317, 85249987, 80039810, 84680308, 61969927, 98999396, 88656289
318, 84353634, 72344748, 72855169, 61252625, 85936712, 90501969
319, 95892254, 95205805, 89457661, 78969378, 119921238, 108426217
320, 105918084, 88516792, 100230471, 87528571, 115878863, 104369768
321, 84512833, 81140335, 78802675, 79900651, 93152320, 104352084
322, 96539524, 89620704, 93581836, 83316484, 106120678, 97893529
323, 90830239, 67160784, 101316917, 63398652, 85069071, 98813254
324, 99572193, 83698833, 73580682, 70897200, 94676279, 105771227
325, 84068867, 72490820, 72194611, 72779920, 80240369, 94854038
326, 89109614, 72740445, 73805069, 68831363, 83080870, 82867756
327, 89963526, 74995803, 80062777, 61365727, 89593467, 85016916
328, 86083450, 78529855, 80439210, 65825423, 86044605, 97450721
329, 83452620, 81578156, 71397206, 69234556, 79206782, 86575127
330, 90377265, 80739953, 73816663, 69906824, 87036775, 94705402
331, 89654166, 77746028, 78439902, 77379175, 92261522, 81479398
332, 102867941, 83503682, 88662133, 60700562, 84377686, 83843400
333, 97839182, 84131880, 91529760, 71419722, 103843144, 87054058
334, 92748357, 85463002, 93865286, 75083337, 109861735, 111321611
335, 95298897, 77313422, 82972978, 73080518, 85435376, 92890698
336, 101234365, 83116182, 78553385, 73968324, 98543579, 83503512
337, 94909627, 82581784, 76746371, 76481066, 91132798, 92669538
338, 106948734, 84765663, 86322320, 76305401, 103028322, 87621780
339, 95897228, 88174438, 82978503, 69873554, 86894856, 94489768
340, 83363846, 77517158, 81643950, 72323865, 101295622, 90612432
341, 112547143, 87851642, 96729202, 76446932, 87871481, 91857197
342, 99042563, 87140190, 77478548, 72688412, 103837371, 110784584
343, 101627030, 88088208, 85115576, 79115591, 105463405, 97703185
344, 97344958, 98256571, 77053754, 74781656, 98938933, 92531244
345, 95416976, 91667038, 86596245, 73738794, 98132212, 101946214
346, 97389707, 81425563, 86743853, 87321762, 95892232, 107625736
347, 97273144, 82077577, 99378918, 76631211, 106619648, 96011087
348, 94742194, 90781693, 81287824, 82139586, 99317389, 99847624
349, 131882834, 120033951, 104735615, 78959954, 110477455, 108441649
350, 97564199, 91937282, 86777248, 81523433, 114939528, 108224629
351, 96616912, 88120715, 97917988, 87792941, 104468769, 110433852
352, 111487672, 102528711, 94491288, 84117582, 115592743, 103857798
353, 102887136, 94974584, 89092554, 88137947, 97835712, 107627527
354, 109957927, 94535136, 103126480, 74373486, 101698230, 114431908
355, 117456040, 107927433, 99263975, 84039400, 111210503, 123768743
356, 113283199, 101701333, 91799985, 91316818, 113226099, 114865420
357, 107450060, 95307065, 89713695, 85350471, 115585748, 112417239
358, 124539390, 101340645, 89676441, 82089666, 122246965, 110192257
359, 116864344, 100181276, 107463549, 87303112, 119602740, 137701372
360, 125754986, 91556393, 90418145, 85110329, 97673163, 111782680
361, 107919859, 94389467, 97284615, 83798779, 109126665, 112363502
362, 104973398, 96254003, 96691732, 92186415, 96834223, 111663999
363, 122783334, 109646381, 99893582, 85232049, 114265491, 125916579
364, 119255191, 97480108, 106238283, 89821345, 120993769, 120730893
365, 114507157, 104483950, 106887087, 114267367, 133089803, 136723165
366, 151051068, 123624525, 121616827, 100560535, 125808476, 127041567
367, 127863152, 110928457, 96380061, 80679211, 116086898, 113531352
368, 112315652, 97384758, 99119178, 90538078, 104887289, 127168986
369, 118397575, 93253909, 99145482, 86717388, 119467351, 115738282
370, 121435348, 101512895, 94355356, 87274909, 110914360, 117792915
371, 127105811, 89831655, 99806140, 86970804, 108580422, 122145630
372, 114086701, 110786269, 120064212, 91282214, 112835211, 117378208
373, 119972230, 102257865, 106232510, 88787145, 120861731, 112971152
374, 120703421, 101471972, 96970784, 91847791, 111213068, 120027302
375, 113629717, 115337096, 105306373, 96731497, 115797940, 123836223
376, 123769738, 97832699, 113659457, 94293177, 133475490, 119093822
377, 124166231, 112306099, 105435407, 91766870, 130653135, 124481978
378, 127740183, 115425759, 116442689, 98427263, 128576420, 123637042
379, 134771985, 117787290, 109024603, 88210301, 139589578, 132060040
380, 130643390, 108326442, 120609901, 92421651, 147897279, 127145889
381, 139415945, 119766469, 118630218, 108182111, 125911645, 127036993
382, 157115929, 125388697, 119284104, 122242093, 144589279, 148489512
383, 138880486, 124113005, 112064130, 101618005, 157393553, 140598692
384, 136159803, 121186711, 119708016, 106533490, 142579065, 136928606
385, 132840487, 112696335, 114526802, 119640480, 135849048, 140610390
386, 144906085, 115993052, 130945672, 110307147, 157939539, 158167880
387, 130996544, 110940908, 117792862, 106755295, 126453800, 125491020
388, 125655949, 111943488, 104935800, 100169336, 154630429, 143373680
389, 155574742, 136822643, 150186630, 123409315, 158212743, 158580581
390, 151159479, 113075320, 110663730, 105368214, 136501365, 136318914
391, 127570241, 107821804, 119671091, 106143524, 148222056, 147554640
392, 136111174, 133836497, 120898720, 122234067, 129405048, 141874511
393, 145505870, 107645860, 117319481, 105143246, 147825056, 137603624
394, 150855681, 117785946, 115438461, 102933338, 128979329, 183287413
395, 141340915, 121254807, 116799809, 99246593, 140754764, 144921790
396, 130319588, 118585021, 116571944, 114287526, 136291732, 153264718
397, 134434892, 115292478, 121152608, 108973386, 137438580, 132546854
398, 129728553, 129060049, 114553535, 99952952, 129348667, 137847346
399, 132164514, 118809521, 116210426, 99884558, 158109042, 138870703
400, 162766396, 134816448, 146020877, 134432022, 159124306, 148591792
401, 147548579, 139156161, 137335328, 114109475, 148710917, 153341709
402, 146414198, 108887233, 121011106, 107809056, 135485001, 155498049
403, 163419363, 132303553, 110634291, 99031271, 146239459, 157425303
404, 141392612, 132565466, 114882309, 111429119, 134418478, 152132668
405, 158860083, 126099919, 146205976, 128259966, 143839726, 155857884
406, 152345441, 118663207, 132701919, 110952907, 146164122, 151774338
407, 145249669, 134302923, 138807771, 112843907, 176392283, 158761581
408, 163031705, 126155878, 121514524, 107544247, 140446521, 156318059
409, 144216877, 121077686, 125715238, 108249340, 146200967, 155760970
410, 161220435, 140367696, 132403954, 137490512, 144568562, 155013732
411, 155803522, 125376964, 126687629, 107082981, 137558077, 137951230
412, 158132344, 126952823, 129497355, 111100430, 134634322, 138332898
413, 143007125, 136672652, 121715883, 116088117, 156520899, 143848908
414, 143439965, 133802432, 127125627, 122520561, 151144711, 146100597
415, 149368329, 131145035, 124443270, 118063132, 158728927, 146338144
416, 163441329, 129187138, 129118835, 112380876, 147799162, 156917881
417, 155680984, 130097888, 126131123, 113690072, 144618234, 153455745
418, 152541962, 136350259, 139484739, 122685555, 140040817, 154997944
419, 154074198, 124820631, 143115888, 115363761, 159092565, 154826533
420, 152340168, 135153926, 123602272, 121314762, 159310637, 143466962
421, 158979166, 147105917, 135771334, 115249601, 150582312, 157423629
422, 156198158, 135309889, 130572903, 122983918, 153949928, 175354913
423, 171968893, 146253334, 173903124, 139843483, 173061179, 168345604
424, 177623013, 155535769, 161210538, 131031133, 175225167, 153328552
425, 161304926, 134405780, 145632367, 130681562, 157919853, 172201206
426, 161604557, 140912159, 154276699, 140556469, 173186347, 187957329
427, 180789649, 152683092, 133652636, 136979190, 188223926, 162953304
428, 184629587, 149157468, 141894572, 127790225, 157174561, 180681161
429, 169082084, 132901614, 127361468, 129957364, 148602199, 170918254
430, 194566085, 155720657, 138483479, 133882422, 167323915, 164392166
431, 167810606, 125466582, 139679322, 128585167, 164616552, 157916718
432, 176008595, 147735547, 138801082, 129851119, 158034666, 168924218
433, 163674604, 146439243, 153129596, 134886444, 163630532, 165245142
434, 157543237, 158423591, 141290102, 145474238, 160128708, 179755039
435, 166291303, 142217520, 147128883, 142093782, 164484744, 188676905
436, 182967194, 158263540, 182552436, 145423605, 169563158, 169127260
437, 175218141, 142469412, 155450585, 122051150, 169097541, 188482596
438, 175055083, 146435154, 155154448, 135312277, 216599178, 185363366
439, 171184963, 136049038, 156286720, 143046835, 161772943, 167977363
440, 172693406, 142358716, 133041059, 129348016, 202840083, 181827459
441, 175921192, 135499781, 142618163, 163577637, 167127707, 154434187
442, 164376228, 141048347, 147518051, 130652272, 175130660, 179640512
443, 168152414, 154914030, 146906322, 166349027, 181453216, 162559137
444, 177444694, 162831681, 153412153, 132054684, 183759650, 172344537
445, 172284850, 155720603, 147816066, 136587157, 171287468, 180788409
446, 188069719, 135179719, 147477484, 121363704, 175728883, 166936023
447, 184515576, 136176285, 162921174, 119648914, 164796002, 170155382
448, 207032780, 151573416, 184166801, 148706672, 185010036, 189880980
449, 185147625, 157138656, 154977758, 137580616, 173001769, 186328491
450, 191333688, 135757932, 166816780, 128755237, 180301849, 202582545
451, 196248924, 156726599, 168449467, 131268212, 175397896, 206450626
452, 194255826, 157694996, 168497208, 163297488, 181100508, 211153217
453, 184137670, 175741772, 149121951, 136306486, 173297418, 181497811
454, 175426967, 154994267, 165525377, 147165430, 180202811, 191052714
455, 179727974, 169551516, 160130348, 142571490, 182578852, 185459173
456, 191918039, 149762390, 169537758, 153815853, 179855070, 193586131
457, 191397725, 165626251, 154900312, 145433061, 178207507, 186656216
458, 171193880, 148756669, 166723905, 150494947, 176680702, 194301030
459, 188637065, 154307904, 166491103, 158791434, 199437263, 179161846
460, 191484500, 175013886, 173512950, 142266314, 196033332, 199765559
461, 220441482, 182024018, 166937679, 173444583, 178704956, 191339253
462, 224959239, 174171117, 162229528, 164397541, 177870571, 190191112
463, 173639117, 153715234, 152985770, 161949258, 190394571, 193624350
464, 231525286, 184254016, 180146011, 162323076, 214708596, 235077293
465, 224964733, 157101480, 174415070, 154926418, 205682110, 245376897
466, 207879630, 172714285, 192916257, 187364039, 185619646, 198028560
467, 200727255, 177947836, 187902832, 142948203, 222508206, 222346897
468, 231126251, 185440969, 202853031, 161005225, 214098117, 223947199
469, 234754317, 185953951, 177432164, 180513105, 230086125, 254784143
470, 230692293, 174796176, 204251051, 162460864, 205965469, 215092406
471, 224515131, 215831241, 193584287, 181615188, 209845932, 220457509
472, 216518531, 159012465, 171456203, 162016208, 217751683, 200001300
473, 225103626, 193953934, 181138923, 170662645, 232910991, 230115449
474, 204403805, 173022688, 188568142, 150217843, 206178499, 211273250
475, 237993202, 188495736, 181511968, 186448574, 215804744, 213335273
476, 207214017, 172922817, 164871304, 157363526, 205399433, 201105156
477, 210208496, 157965953, 202958360, 146039013, 213072291, 192796226
478, 222418397, 167328175, 165431641, 149003042, 210301484, 218014796
479, 196381852, 173584704, 183212625, 163507880, 202756872, 203167152
480, 239681563, 183355345, 215759832, 168644900, 217440421, 212097655
481, 250841205, 175116529, 213987851, 152733145, 234356636, 250158262
482, 223646761, 173229658, 193062241, 176860582, 217159930, 222967299
483, 223156470, 196025728, 203390894, 162193585, 246816381, 238823671
484, 261383023, 208794913, 210741485, 202256068, 260233908, 245386348
485, 224614113, 186137075, 183095439, 183646889, 246033927, 254095957
486, 246123603, 203985220, 205268699, 175941228, 234271378, 216411488
487, 215044701, 160019552, 186530414, 179040585, 225097229, 227166297
488, 261496935, 197202267, 199651895, 200173790, 219485760, 248050539
489, 219031212, 196345158, 194910889, 196188385, 207610473, 199775317
490, 229854538, 186139968, 187145023, 180514973, 218461409, 217393088
491, 259876584, 195717150, 215196337, 168308216, 216406121, 213058448
492, 237857108, 210317830, 202722082, 185405242, 220085821, 265729426
493, 253574671, 211118865, 200908520, 180253578, 221071445, 208794708
494, 234249273, 177365393, 205516810, 167684618, 223758511, 223650384
495, 222263408, 186831814, 181053954, 193276137, 224564102, 216763950
496, 240122716, 177031352, 188212078, 161841512, 212970087, 219141890
497, 228686205, 182700970, 187029795, 170206673, 209285076, 208319872
498, 261373185, 182880155, 205467364, 181360946, 221589271, 223420563
499, 230065404, 203299946, 188981868, 185350332, 221466000, 232795737
